<?xml version="1.0" encoding="UTF-8"?>
<project-private xmlns="http://www.netbeans.org/ns/project-private/1">
    <editor-bookmarks xmlns="http://www.netbeans.org/ns/editor-bookmarks/2" lastBookmarkId="0"/>
    <open-files xmlns="http://www.netbeans.org/ns/projectui-open-files/2">
        <group>
            <file>file:/Users/deane/Desktop/uni/compsci%20y3/Enterprise%20systems%20development/Assignments/A1/SmartCareSurgery-System/src/java/model/Patient.java</file>
            <file>file:/Users/deane/Desktop/uni/compsci%20y3/Enterprise%20systems%20development/Assignments/A1/SmartCareSurgery-System/src/java/model/Database.java</file>
            <file>file:/Users/deane/Desktop/uni/compsci%20y3/Enterprise%20systems%20development/Assignments/A1/SmartCareSurgery-System/src/java/model/User.java</file>
        </group>
    </open-files>
</project-private>
